generation;replicate;snail.id;family.id;tank.id;treatment;gen.treatment;age_at_1_Clutch_d;shell_length_at_1_Clutch_mm;shell_width_at_1_Clutch_mm;shell_eff_diam_at_1_Clutch_mm;shell_ratio_at_1_Clutch;weight_at_1_Clutch_g;condition_index_at_1_Clutch;egg_no_in_1_Clutch;offspring_no_15d_age_in_1_Clutch;early_life_survival_prob_in_1_Clutch;avg_egg_effective_diameter_in_1_Clutch;cv_egg_effective_diameter_in_1_Clutch
F0;R10;R10-4-1;F0-R10-4;F0-R10-4-W;W;F0-W;37;9.55;5.55;6.650634986;1.720720721;0.1324;15.07573439;164;153;0.932926829;0.618906531;0.031166862
F0;R10;R10-4-11;F0-R10-4;F0-R10-4-AC;AC;F0-AC;39;9.04;5.58;6.553585093;1.620071685;0.1237;16.4427603;36;13;0.361111111;0.662387792;0.052540899
F0;R10;R10-4-12;F0-R10-4;F0-R10-4-AC;AC;F0-AC;36;9.13;5.13;6.216822999;1.779727096;0.1053;13.61133674;89;77;0.865168539;0.647142464;0.044029666
F0;R10;R10-4-2;F0-R10-4;F0-R10-4-W;W;F0-W;37;10.52;5.61;6.917998881;1.875222816;0.1551;13.44396619;173;32;0.184971098;0.604471254;0.083444203
F0;R10;R10-4-3;F0-R10-4;F0-R10-4-W;W;F0-W;22;5.75;3.34;4.003012314;1.721556886;0.0293;13.95096658;31;26;0.838709677;0.588760489;0.043808654
F0;R10;R10-4-4;F0-R10-4;F0-R10-4-W;W;F0-W;20;7.54;3.94;4.891641226;1.913705584;0.0482;10.68709926;27;25;0.925925926;0.623213084;0.059937378
F0;R10;R10-4-5;F0-R10-4;F0-R10-4-W;W;F0-W;21;7.34;3.66;4.61550696;2.005464481;0.0422;10.09368069;27;21;0.777777778;0.597697204;0.036694537
F0;R10;R10-4-6;F0-R10-4;F0-R10-4-W;W;F0-W;35;9.2;5.12;6.224568488;1.796875;0.1024;12.95442925;97;74;0.762886598;0.69488335;0.037852384
F0;R10;R10-4-7;F0-R10-4;F0-R10-4-AC;AC;F0-AC;35;11.14;6.21;7.545525024;1.793880837;0.1782;13.14290781;231;192;0.831168831;0.615504912;0.061042755
F0;R10;R10-4-8;F0-R10-4;F0-R10-4-AC;AC;F0-AC;35;9.56;5.57;6.668929007;1.716337522;0.13;14.75883563;126;122;0.968253968;0.686980116;0.056690158
F0;R10;R10-4-9;F0-R10-4;F0-R10-4-AC;AC;F0-AC;24;8.45;4.65;5.674412082;1.817204301;0.0714;11.48053938;26;23;0.884615385;0.625211457;0.049098657
F0;R10;R10-5-1;F0-R10-5;F0-R10-5-W;W;F0-W;28;8.39;4.43;5.480957962;1.893905192;0.0784;12.86196529;74;69;0.932432432;0.623523067;0.032490125
F0;R10;R10-5-10;F0-R10-5;F0-R10-5-AC;AC;F0-AC;40;10.28;5.97;7.155619831;1.721943049;0.1494;13.82069918;233;214;0.918454936;0.614729741;0.055304017
F0;R10;R10-5-11;F0-R10-5;F0-R10-5-AC;AC;F0-AC;35;12.04;6.11;7.660132864;1.970540098;0.1675;9.923117143;172;173;1.005813953;0.591916186;0.032769514
F0;R10;R10-5-12;F0-R10-5;F0-R10-5-AC;AC;F0-AC;33;9.22;5.06;6.180315579;1.822134387;0.0999;12.56100218;86;82;0.953488372;0.598121868;0.034021905
F0;R10;R10-5-2;F0-R10-5;F0-R10-5-W;W;F0-W;35;9.91;5.79;6.925911333;1.711571675;0.1368;14.03325419;210;161;0.766666667;0.633601123;0.031925552
F0;R10;R10-5-3;F0-R10-5;F0-R10-5-W;W;F0-W;33;10.17;5.19;6.494592244;1.959537572;0.1069;10.19371807;130;137;1.053846154;0.585864297;0.034112253
F0;R10;R10-5-4;F0-R10-5;F0-R10-5-W;W;F0-W;24;6.44;3.7;4.450714862;1.740540541;0.0399;13.80113327;15;15;1;0.568379201;0.050253039
F0;R10;R10-5-5;F0-R10-5;F0-R10-5-W;W;F0-W;32;9.43;5.66;6.709881521;1.666077739;0.1395;16.46081121;129;82;0.635658915;0.706012248;0.044772881
F0;R10;R10-5-6;F0-R10-5;F0-R10-5-W;W;F0-W;26;7.04;3.9;4.74861862;1.805128205;0.0517;13.91027271;33;15;0.454545455;0.59334419;0.060865679
F0;R10;R10-5-7;F0-R10-5;F0-R10-5-AC;AC;F0-AC;35;9.44;5.67;6.720156246;1.664902998;0.1281;15.07051542;43;36;0.837209302;0.63623268;0.057329822
F0;R10;R10-5-8;F0-R10-5;F0-R10-5-AC;AC;F0-AC;36;10.26;5.58;6.836050351;1.838709677;0.1273;11.84112174;49;45;0.918367347;0.612225785;0.0473932
F0;R10;R10-5-9;F0-R10-5;F0-R10-5-AC;AC;F0-AC;37;9.88;6.12;7.179374304;1.614379085;0.1499;15.50911617;188;154;0.819148936;0.589832396;0.036492642
F0;R1;R1-7-1;F0-R1-7;F0-R1-7-W;W;F0-W;30;9.15;4.42;5.633200523;2.070135747;0.06;7.708036546;74;73;0.986486486;0.666459488;0.051499494
F0;R1;R1-7-10;F0-R1-7;F0-R1-7-AC;AC;F0-AC;36;10.43;5.74;7.004374599;1.817073171;0.1528;13.56942998;0;0;0;0.597473304;0.158263538
F0;R1;R1-7-11;F0-R1-7;F0-R1-7-AC;AC;F0-AC;30;7.97;3.92;4.966039296;2.033163265;0.0525;9.95512774;49;47;0.959183673;0.634254451;0.055388745
F0;R1;R1-7-12;F0-R1-7;F0-R1-7-AC;AC;F0-AC;22;7.09;3.97;4.81662035;1.785894207;0.0456;12.02658872;17;1;0.058823529;0.638900187;0.041699685
F0;R1;R1-7-2;F0-R1-7;F0-R1-7-W;W;F0-W;30;9.13;4.84;5.980265981;1.886363636;0.0853;11.0260876;74;75;1.013513514;0.61478536;0.03984382
F0;R1;R1-7-3;F0-R1-7;F0-R1-7-W;W;F0-W;20;6.84;3.56;4.42573459;1.921348315;0.0326;9.513917765;10;9;0.9;0.629166568;0.071494714
F0;R1;R1-7-4;F0-R1-7;F0-R1-7-W;W;F0-W;20;7.5;4.04;4.965252414;1.856435644;0.053;11.92897441;29;28;0.965517241;0.594216372;0.041195599
F0;R1;R1-7-5;F0-R1-7;F0-R1-7-W;W;F0-W;20;6.81;3.59;4.444047269;1.896935933;0.0366;10.81449464;7;6;0.857142857;0.64979389;0.105224203
F0;R1;R1-7-6;F0-R1-7;F0-R1-7-W;W;F0-W;35;9.7;4.79;6.060115763;2.025052192;0.0917;9.992474417;152;138;0.907894737;0.601982589;0.052499555
F0;R1;R1-7-7;F0-R1-7;F0-R1-7-AC;AC;F0-AC;30;7.91;4.57;5.487016859;1.730853392;0.064;12.3971624;9;9;1;0.765434816;0.067619517
F0;R1;R1-7-8;F0-R1-7;F0-R1-7-AC;AC;F0-AC;23;5.33;2.8;3.470146079;1.903571429;0.0159;9.376189903;20;0;0;0.631236531;0.031279826
F0;R1;R1-7-9;F0-R1-7;F0-R1-7-AC;AC;F0-AC;36;9.36;5.5;6.566496885;1.701818182;0.1206;14.53280393;76;56;0.736842105;0.704114086;0.033510597
F0;R2;R2-1-1;F0-R2-1;F0-R2-1-W;W;F0-W;27;8.2;4.07;5.140447053;2.014742015;0.0574;10.04515931;44;42;0.954545455;0.615204419;0.039879503
F0;R2;R2-1-10;F0-R2-1;F0-R2-1-AC;AC;F0-AC;27;8.94;4.48;5.640243438;1.995535714;0.0715;9.806956271;42;42;1;0.666552172;0.056242377
F0;R2;R2-1-11;F0-R2-1;F0-R2-1-AC;AC;F0-AC;39;10.05;5.76;6.934316757;1.744791667;0.1448;14.27776625;144;132;0.916666667;0.641766681;0.037307262
F0;R2;R2-1-12;F0-R2-1;F0-R2-1-AC;AC;F0-AC;40;12.95;6.29;8.001849026;2.058823529;0.213;10.27492964;49;49;1;0.56867649;0.048052544
F0;R2;R2-1-2;F0-R2-1;F0-R2-1-W;W;F0-W;39;9.65;5.43;6.577219325;1.777163904;0.1201;13.2793245;31;28;0.903225806;0.652158389;0.018701153
F0;R2;R2-1-3;F0-R2-1;F0-R2-1-W;W;F0-W;34;8.95;5.23;6.255693628;1.711281071;0.1104;15.09482609;94;92;0.978723404;0.708779002;0.033730294
F0;R2;R2-1-4;F0-R2-1;F0-R2-1-W;W;F0-W;60;13.21;7.01;8.658572236;1.884450785;0.3116;14.21187907;86;67;0.779069767;0.691446099;0.077254589
F0;R2;R2-1-5;F0-R2-1;F0-R2-1-W;W;F0-W;32;10.66;5.45;6.815798403;1.955963303;0.1298;10.83925355;101;103;1.01980198;0.667860555;0.031325052
F0;R2;R2-1-6;F0-R2-1;F0-R2-1-W;W;F0-W;30;8.94;4.49;5.648633538;1.991091314;0.0801;10.98653423;47;42;0.893617021;0.631900242;0.048078231
F0;R2;R2-1-7;F0-R2-1;F0-R2-1-AC;AC;F0-AC;46;12.84;6.47;8.130636183;1.984544049;0.2169;10.71781324;198;188;0.949494949;0.678080451;0.034234275
F0;R2;R2-1-8;F0-R2-1;F0-R2-1-AC;AC;F0-AC;42;11.33;6.34;7.693715837;1.787066246;0.1811;12.73474064;63;47;0.746031746;0.656908652;0.052527466
F0;R2;R2-1-9;F0-R2-1;F0-R2-1-AC;AC;F0-AC;48;12.55;6.4;8.010652476;1.9609375;0.2197;11.57856532;149;156;1.046979866;0.635039792;0.031140868
F0;R3;R3-4-1;F0-R3-4;F0-R3-4-W;W;F0-W;29;9.59;5.21;6.385055618;1.840690979;0.095;10.69042899;103;99;0.961165049;0.639626782;0.033887265
F0;R3;R3-4-10;F0-R3-4;F0-R3-4-AC;AC;F0-AC;36;10.9;6.73;7.903489405;1.61961367;0.2087;16.36740108;134;159;1.186567164;0.657766495;0.035330553
F0;R3;R3-4-11;F0-R3-4;F0-R3-4-AC;AC;F0-AC;28;9.23;5.09;6.206962028;1.813359528;0.0938;11.75801586;45;45;1;0.668251424;0.055584863
F0;R3;R3-4-12;F0-R3-4;F0-R3-4-AC;AC;F0-AC;31;8.05;5.07;5.914761895;1.587771203;0.0931;17.16347803;96;72;0.75;0.65417344;0.036202373
F0;R3;R3-4-2;F0-R3-4;F0-R3-4-W;W;F0-W;44;13.24;7.42;8.999780801;1.784366577;0.2419;10.96255412;24;0;0;0.958807047;0.089955779
F0;R3;R3-4-3;F0-R3-4;F0-R3-4-W;W;F0-W;47;12;7.13;8.481124436;1.683029453;0.2102;12.57018293;36;30;0.833333333;0.673372447;0.027774755
F0;R3;R3-4-4;F0-R3-4;F0-R3-4-W;W;F0-W;36;11.14;6.31;7.626313189;1.765451664;0.1846;13.61493143;98;114;1.163265306;0.684172169;0.040760961
F0;R3;R3-4-5;F0-R3-4;F0-R3-4-W;W;F0-W;27;8.42;4.32;5.396264083;1.949074074;0.064;10.39441078;35;34;0.971428571;0.638922379;0.049487011
F0;R3;R3-4-6;F0-R3-4;F0-R3-4-W;W;F0-W;29;9.7;5.33;6.507418197;1.81988743;0.0996;10.85333099;79;75;0.949367089;0.685752287;0.025160434
F0;R3;R3-4-7;F0-R3-4;F0-R3-4-AC;AC;F0-AC;29;9.65;4.95;6.183664289;1.949494949;0.0864;9.553152682;30;30;1;0.660437869;0.02356671
F0;R3;R3-4-8;F0-R3-4;F0-R3-4-AC;AC;F0-AC;40;12.79;7.07;8.614626592;1.809052334;0.2327;11.62576253;15;0;0;0.849264944;0.118322005
F0;R3;R3-4-9;F0-R3-4;F0-R3-4-AC;AC;F0-AC;29;9.85;5.39;6.589785124;1.827458256;0.0903;9.423182024;52;50;0.961538462;0.688424446;0.034862635
F0;R4;R4-7-1;F0-R4-7;F0-R4-7-W;W;F0-W;23;6.45;3.4;4.208937882;1.897058824;0.0305;10.50367908;18;18;1;0.563229031;0.055505407
F0;R4;R4-7-10;F0-R4-7;F0-R4-7-AC;AC;F0-AC;39;9.04;5.1;6.172146999;1.77254902;0.1038;13.7975628;149;138;0.926174497;0.660484409;0.04234178
F0;R4;R4-7-11;F0-R4-7;F0-R4-7-AC;AC;F0-AC;36;9.99;5.49;6.702498504;1.819672131;0.1205;12.08404601;24;24;1;0.812345132;0.048263208
F0;R4;R4-7-12;F0-R4-7;F0-R4-7-AC;AC;F0-AC;36;9.82;5.51;6.680437345;1.782214156;0.1313;13.82007279;0;0;0;0.553691667;0.196049261
F0;R4;R4-7-2;F0-R4-7;F0-R4-7-W;W;F0-W;29;8.91;4.72;5.833384013;1.887711864;0.0759;10.50961122;24;18;0.75;0.669436105;0.070035408
F0;R4;R4-7-3;F0-R4-7;F0-R4-7-W;W;F0-W;26;7.6;3.85;4.829605793;1.974025974;0.0547;11.86022686;18;17;0.944444444;0.575160149;0.041046191
F0;R4;R4-7-4;F0-R4-7;F0-R4-7-W;W;F0-W;28;8.22;3.97;5.060004973;2.070528967;0.0606;10.5325638;43;42;0.976744186;0.608575467;0.030284896
F0;R4;R4-7-5;F0-R4-7;F0-R4-7-W;W;F0-W;26;6.78;3.82;4.625075287;1.77486911;0.045;13.46309087;18;17;0.944444444;0.599688873;0.036258983
F0;R4;R4-7-6;F0-R4-7;F0-R4-7-W;W;F0-W;33;11;5.52;6.946354557;1.992753623;0.1253;9.576872352;93;91;0.978494624;0.715972748;0.035042211
F0;R4;R4-7-7;F0-R4-7;F0-R4-7-AC;AC;F0-AC;46;12.68;6.74;8.320441067;1.881305638;0.2395;12.26052939;62;57;0.919354839;0.738026439;0.075346125
F0;R4;R4-7-8;F0-R4-7;F0-R4-7-AC;AC;F0-AC;33;10.09;5.25;6.52734535;1.921904762;0.1029;10.03326507;78;79;1.012820513;0.660051043;0.040743746
F0;R4;R4-7-9;F0-R4-7;F0-R4-7-AC;AC;F0-AC;33;10.35;5.54;6.823176827;1.868231047;0.1233;11.19003101;114;112;0.98245614;0.689768575;0.038395498
F0;R5;R5-3-1;F0-R5-3;F0-R5-3-AC;AC;F0-AC;27;8.84;4.59;5.71074207;1.925925926;0.0746;10.56193378;26;7;0.269230769;0.718873565;0.046218001
F0;R5;R5-3-2;F0-R5-3;F0-R5-3-AC;AC;F0-AC;31;10.02;5.18;6.454199921;1.934362934;0.1021;10.15263487;76;74;0.973684211;0.670459946;0.03555259
F0;R5;R5-3-3;F0-R5-3;F0-R5-3-AC;AC;F0-AC;34;8.97;5.65;6.591179102;1.587610619;0.1331;18.08436926;153;121;0.790849673;0.659293936;0.038169635
F0;R5;R5-3-4;F0-R5-3;F0-R5-3-W;W;F0-W;31;10.17;5.03;6.360417752;2.021868787;0.126;12.01504655;4;2;0.5;0.787191391;0.052453669
F0;R5;R5-3-5;F0-R5-3;F0-R5-3-W;W;F0-W;34;10;5.49;6.704734161;1.821493625;0.1148;11.48;187;152;0.812834225;0.599730865;0.036309383
F0;R5;R5-3-6;F0-R5-3;F0-R5-3-W;W;F0-W;33;9.31;5.35;6.43505725;1.740186916;0.1138;13.92208118;72;66;0.916666667;0.695398833;0.047529808
F0;R5;R5-6-1;F0-R5-6;F0-R5-6-W;W;F0-W;35;10.99;5.58;6.994478885;1.96953405;0.1382;10.58996563;98;81;0.826530612;0.732089955;0.056785854
F0;R5;R5-6-2;F0-R5-6;F0-R5-6-W;W;F0-W;31;10.55;5.06;6.464245341;2.084980237;0.12;10.31832754;157;147;0.936305732;0.617818429;0.05657716
F0;R5;R5-6-3;F0-R5-6;F0-R5-6-W;W;F0-W;29;9.64;4.91;6.1481814;1.963340122;0.0943;10.45717695;52;40;0.769230769;0.681919382;0.047753947
F0;R5;R5-6-4;F0-R5-6;F0-R5-6-AC;AC;F0-AC;31;10.93;5.49;6.906451244;1.990892532;0.1298;10.10103407;114;109;0.956140351;0.647859576;0.048473414
F0;R5;R5-6-5;F0-R5-6;F0-R5-6-AC;AC;F0-AC;39;12.24;5.79;7.430981528;2.113989637;0.168;9.500920487;127;67;0.527559055;0.710670361;0.042468935
F0;R5;R5-6-6;F0-R5-6;F0-R5-6-AC;AC;F0-AC;31;10.71;5.22;6.633002469;2.051724138;0.1221;10.06258023;135;137;1.014814815;0.646135352;0.028948349
F0;R5;R5-7-1;F0-R5-7;F0-R5-7-W;W;F0-W;39;12.1;5.84;7.445096904;2.071917808;0.1751;10.22895815;35;35;1;0.529506853;0.080472495
F0;R5;R5-7-10;F0-R5-7;F0-R5-7-AC;AC;F0-AC;34;10.74;5.65;6.998963452;1.900884956;0.1367;11.17728799;150;144;0.96;0.563842582;0.05328748
F0;R5;R5-7-11;F0-R5-7;F0-R5-7-AC;AC;F0-AC;32;9.4;5.19;6.326364196;1.811175337;0.1159;13.79948532;171;157;0.918128655;0.591065905;0.020393427
F0;R5;R5-7-12;F0-R5-7;F0-R5-7-AC;AC;F0-AC;29;9.13;4.1;5.354013932;2.226829268;0.0631;8.15646105;46;45;0.97826087;0.607671732;0.02723781
F0;R5;R5-7-2;F0-R5-7;F0-R5-7-W;W;F0-W;34;11.41;5.7;7.183649239;2.001754386;0.1389;9.575395665;161;137;0.850931677;0.58850078;0.061080601
F0;R5;R5-7-3;F0-R5-7;F0-R5-7-W;W;F0-W;29;9.6;4.85;6.089545831;1.979381443;0.0858;9.626810227;31;33;1.064516129;0.590253657;0.060887518
F0;R5;R5-7-4;F0-R5-7;F0-R5-7-W;W;F0-W;29;9.47;4.28;5.577152318;2.212616822;0.0717;8.360114294;89;87;0.97752809;0.599577781;0.02026222
F0;R5;R5-7-5;F0-R5-7;F0-R5-7-W;W;F0-W;33;9.99;5.17;6.439451227;1.932301741;0.1022;10.24887554;38;13;0.342105263;0.773467576;0.048302927
F0;R5;R5-7-6;F0-R5-7;F0-R5-7-W;W;F0-W;29;9.78;4.47;5.802983028;2.187919463;0.0952;10.13634486;108;104;0.962962963;0.625056108;0.032480328
F0;R5;R5-7-7;F0-R5-7;F0-R5-7-AC;AC;F0-AC;38;11.93;5.76;7.342238204;2.071180556;0.1643;9.988758478;43;37;0.860465116;0.696779502;0.099061324
F0;R5;R5-7-8;F0-R5-7;F0-R5-7-AC;AC;F0-AC;32;11.02;5.33;6.790139095;2.067542214;0.1273;9.68002117;12;12;1;0.668076502;0.084547503
F0;R5;R5-7-9;F0-R5-7;F0-R5-7-AC;AC;F0-AC;43;14.31;7.04;8.917880545;2.032670455;0.2629;9.569446503;117;115;0.982905983;0.705482398;0.060864935
F0;R6;R6-5-1;F0-R6-5;F0-R6-5-AC;AC;F0-AC;24;7.52;3.77;4.745698902;1.99469496;0.0447;9.985578098;13;30;0.967741935;0.557590239;0.054754089
F0;R6;R6-5-10;F0-R6-5;F0-R6-5-W;W;F0-W;31;9.39;4.78;5.986511142;1.964435146;0.0879;10.49716213;94;89;0.946808511;0.620024255;0.100695913
F0;R6;R6-5-11;F0-R6-5;F0-R6-5-W;W;F0-W;40;11.03;5.88;7.251759427;1.87585034;0.1524;11.5590468;95;92;0.968421053;0.691647118;0.041164249
F0;R6;R6-5-12;F0-R6-5;F0-R6-5-W;W;F0-W;32;10.29;4.92;6.291900703;2.091463415;0.0995;9.179345657;11;11;1;0.740660088;0.06518929
F0;R6;R6-5-2;F0-R6-5;F0-R6-5-AC;AC;F0-AC;55;14.84;7.69;9.574046376;1.929778934;0.3084;10.13143048;216;193;0.893518519;0.603354135;0.102523622
F0;R6;R6-5-3;F0-R6-5;F0-R6-5-AC;AC;F0-AC;36;10.71;5.47;6.843128698;1.957952468;0.1367;11.26580441;18;10;0.555555556;0.714132;0.130580907
F0;R6;R6-5-4;F0-R6-5;F0-R6-5-AC;AC;F0-AC;25;8.95;4.44;5.608710085;2.015765766;0.0697;9.529976254;18;11;0.611111111;0.725762169;0.057466186
F0;R6;R6-5-5;F0-R6-5;F0-R6-5-AC;AC;F0-AC;45;12.55;6.51;8.102180254;1.927803379;0.2051;10.80912038;210;173;0.823809524;0.708413364;0.034026224
F0;R6;R6-5-6;F0-R6-5;F0-R6-5-AC;AC;F0-AC;34;10.91;5.56;6.960783261;1.962230216;0.1139;8.909594272;90;46;0.511111111;0.654754726;0.041250704
F0;R6;R6-5-7;F0-R6-5;F0-R6-5-W;W;F0-W;26;7.96;3.9;4.947062843;2.041025641;0.0473;9.000907316;16;11;0.6875;0.639619283;0.042999059
F0;R6;R6-5-8;F0-R6-5;F0-R6-5-W;W;F0-W;35;10.5;5.17;6.547217901;2.030947776;0.1076;9.376881938;120;32;0.266666667;0.690785567;0.055900769
F0;R6;R6-5-9;F0-R6-5;F0-R6-5-W;W;F0-W;33;8.8;4.82;5.89104377;1.825726141;0.0877;12.57646128;12;0;0;0.710691216;0.020490317
F0;R7;R7-7-1;F0-R7-7;F0-R7-7-W;W;F0-W;21;6.88;3.57;4.442645125;1.927170868;0.0366;10.50707155;30;28;0.933333333;0.604788555;0.04007347
F0;R7;R7-7-10;F0-R7-7;F0-R7-7-AC;AC;F0-AC;35;11.56;5.75;7.257123399;2.010434783;0.1443;9.587938485;18;12;0.666666667;0.702118689;0.015760971
F0;R7;R7-7-11;F0-R7-7;F0-R7-7-AC;AC;F0-AC;41;11.17;6.18;7.527949686;1.807443366;0.1758;12.8679369;259;173;0.667953668;0.683227211;0.043023667
F0;R7;R7-7-12;F0-R7-7;F0-R7-7-AC;AC;F0-AC;39;10.4;5.45;6.75992869;1.908256881;0.1269;11.36128895;182;179;0.983516484;0.690150849;0.039091456
F0;R7;R7-7-2;F0-R7-7;F0-R7-7-W;W;F0-W;39;11.06;5.41;6.866201627;2.044362292;0.1279;9.626780873;164;160;0.975609756;0.663542378;0.034496843
F0;R7;R7-7-3;F0-R7-7;F0-R7-7-W;W;F0-W;33;10.8;5.47;6.862243682;1.97440585;0.1233;9.924487433;178;176;0.988764045;0.651984563;0.03121841
F0;R7;R7-7-4;F0-R7-7;F0-R7-7-W;W;F0-W;20;7.41;3.67;4.638562851;2.019073569;0.0433;10.08325034;17;15;0.882352941;0.652913136;0.039824431
F0;R7;R7-7-5;F0-R7-7;F0-R7-7-W;W;F0-W;34;9.54;5.17;6.341273532;1.845261122;0.1025;11.70570159;114;74;0.649122807;0.665708971;0.042034569
F0;R7;R7-7-6;F0-R7-7;F0-R7-7-W;W;F0-W;20;7.09;3.32;4.27537422;2.135542169;0.0342;9.019941541;26;23;0.884615385;0.647889507;0.037282202
F0;R7;R7-7-7;F0-R7-7;F0-R7-7-AC;AC;F0-AC;26;8.53;4.2;5.318827073;2.030952381;0.0597;9.347555733;49;50;1.020408163;0.627557883;0.025284512
F0;R7;R7-7-8;F0-R7-7;F0-R7-7-AC;AC;F0-AC;23;7.57;3.89;4.856592827;1.946015424;0.0505;11.0723804;41;29;0.707317073;0.653549715;0.021621184
F0;R7;R7-7-9;F0-R7-7;F0-R7-7-AC;AC;F0-AC;53;14.77;7.46;9.367406856;1.979892761;0.3153;10.49713963;165;63;0.381818182;0.76422929;0.058401178
F0;R8;R8-2-1;F0-R8-2;F0-R8-2-W;W;F0-W;38;11.15;5.68;7.111979775;1.963028169;0.1529;11.24844164;7;7;1;0.833406797;0.100090434
F0;R8;R8-2-10;F0-R8-2;F0-R8-2-AC;AC;F0-AC;20;7.03;3.56;4.466339928;1.974719101;0.0369;9.96809916;12;9;0.75;0.659879187;0.024005582
F0;R8;R8-2-11;F0-R8-2;F0-R8-2-AC;AC;F0-AC;41;11.91;6.79;8.188740401;1.754050074;0.2297;14.03103887;243;237;0.975308642;0.667149139;0.048049747
F0;R8;R8-2-12;F0-R8-2;F0-R8-2-AC;AC;F0-AC;20;7.73;3.74;4.764027204;2.06684492;0.0461;9.528724105;19;17;0.894736842;0.628171514;0.021904481
F0;R8;R8-2-2;F0-R8-2;F0-R8-2-W;W;F0-W;36;9.97;5.22;6.476574836;1.909961686;0.109;10.99274494;151;157;1.039735099;0.656517193;0.083732141
F0;R8;R8-2-3;F0-R8-2;F0-R8-2-W;W;F0-W;32;9.04;4.8;5.927664774;1.883333333;0.0877;11.6574784;88;92;1.045454545;0.672189991;0.030279465
F0;R8;R8-2-4;F0-R8-2;F0-R8-2-W;W;F0-W;20;7.71;3.81;4.819124095;2.023622047;0.0433;9.015598243;21;18;0.857142857;0.609040842;0.023491454
F0;R8;R8-2-5;F0-R8-2;F0-R8-2-W;W;F0-W;28;9.52;4.58;5.845064413;2.07860262;0.0754;8.661939607;20;20;1;0.712994344;0.029208143
F0;R8;R8-2-6;F0-R8-2;F0-R8-2-W;W;F0-W;43;11.04;6.38;7.659553906;1.730407524;0.2063;15.60725194;230;220;0.956521739;0.61315639;0.039593212
F0;R8;R8-2-7;F0-R8-2;F0-R8-2-AC;AC;F0-AC;28;9.05;4.49;5.671706564;2.0155902;0.0727;9.633529187;47;46;0.978723404;0.648390163;0.041976341
F0;R8;R8-2-8;F0-R8-2;F0-R8-2-AC;AC;F0-AC;28;9.63;4.67;5.944107878;2.062098501;0.0891;9.909496175;37;37;1;0.688209066;0.023345732
F0;R8;R8-2-9;F0-R8-2;F0-R8-2-AC;AC;F0-AC;48;14.45;7.34;9.199269082;1.96866485;0.3125;11.06681609;88;61;0.693181818;0.63053009;0.065258936
F0;R9;R9-4-1;F0-R9-4;F0-R9-4-W;W;F0-W;40;10.23;5.74;6.959314654;1.782229965;0.1539;14.43408747;194;46;0.237113402;0.558747148;0.078778015
F0;R9;R9-4-10;F0-R9-4;F0-R9-4-AC;AC;F0-AC;35;10.49;5.36;6.704530269;1.957089552;0.1225;10.70407669;125;72;0.576;0.640076615;0.050673895
F0;R9;R9-4-11;F0-R9-4;F0-R9-4-AC;AC;F0-AC;37;10.04;5.54;6.754363262;1.812274368;0.1135;11.22294388;118;92;0.779661017;0.681421869;0.057488981
F0;R9;R9-4-12;F0-R9-4;F0-R9-4-AC;AC;F0-AC;31;8.11;4.5;5.476233537;1.802222222;0.0659;11.8972505;15;0;0;0.687047516;0.041987005
F0;R9;R9-4-2;F0-R9-4;F0-R9-4-W;W;F0-W;20;7.21;3.75;4.663005561;1.922666667;0.0386;9.709790468;17;11;0.647058824;0.614284218;0.079389189
F0;R9;R9-4-3;F0-R9-4;F0-R9-4-W;W;F0-W;33;10;4.97;6.274381563;2.012072435;0.0978;9.78;126;100;0.793650794;0.598190904;0.049022643
F0;R9;R9-4-4;F0-R9-4;F0-R9-4-W;W;F0-W;39;10.05;5.27;6.535253385;1.907020873;0.1193;11.76338062;81;49;0.604938272;0.640927544;0.040687401
F0;R9;R9-4-5;F0-R9-4;F0-R9-4-W;W;F0-W;28;8.12;3.91;4.988498523;2.076726343;0.0514;9.247303606;21;21;1;0.629270102;0.044809116
F0;R9;R9-4-6;F0-R9-4;F0-R9-4-W;W;F0-W;33;9.94;5.27;6.511322483;1.886148008;0.1112;11.31032757;109;99;0.908256881;0.592987279;0.045107481
F0;R9;R9-4-7;F0-R9-4;F0-R9-4-AC;AC;F0-AC;35;8.91;4.84;5.931840649;1.840909091;0.0855;11.83889011;34;33;0.970588235;0.600353861;0.03167189
F0;R9;R9-4-8;F0-R9-4;F0-R9-4-AC;AC;F0-AC;37;9.32;5.07;6.210748508;1.8382643;0.093;11.34305599;71;59;0.830985915;0.62766249;0.035641059
F0;R9;R9-4-9;F0-R9-4;F0-R9-4-AC;AC;F0-AC;37;8.51;5.26;6.174953376;1.617870722;0.1081;17.03822443;30;21;0.7;0.648428145;0.05484942
F6;R5;R5-W-3-A-1;F6-R5W3;F6-R5-W-3-A;W;F6-W;23;7.06;3.9;4.753111166;1.81025641;0.0423;11.29044632;26;23;0.884615385;0.587000047;0.043223651
F6;R1;R1-W-2-B-2;F6-R1W2;F6-R1-W-2-B;W;F6-W;25;8.63;4.17;5.314074458;2.069544365;0.0587;8.89380611;37;29;0.783783784;0.677083129;0.0507708
F6;R6;R6-W-1-B-2;F6-R6W1;F6-R6-W-1-B;W;F6-W;23;6.35;3.33;4.129404222;1.906906907;0.0371;13.35217465;17;12;0.705882353;0.509897889;0.028463156
F6;R9;R9-W-2-A-3;F6-R9W2;F6-R9-W-2-A;W;F6-W;24;8.4;4.54;5.57352984;1.850220264;0.0681;11.13472576;27;32;1;0.684114172;0.043719942
F6;R1;R1-W-2-B-1;F6-R1W2;F6-R1-W-2-B;W;F6-W;26;8.76;4.03;5.220411441;2.17369727;0.0575;8.352303467;48;46;0.958333333;0.625123437;0.032053754
F6;R2;R2-W-2-B-3;F6-R2W2;F6-R2-W-2-B;W;F6-W;26;10.2;4.88;6.239454259;2.090163934;0.0906;8.567926126;70;69;0.985714286;0.645544909;0.075340892
F6;R10;R10-W-2-B-4;F6-R10W2;F6-R10-W-2-B;W;F6-W;27;9.62;4.95;6.177249695;1.943434343;0.0839;9.358543378;52;49;0.942307692;0.676736138;0.047318279
F6;R8;R8-W-2-B-4;F6-R8W2;F6-R8-W-2-B;W;F6-W;24;7.34;3.74;4.682521227;1.962566845;0.0419;10.02192467;27;21;0.777777778;0.610650765;0.047572437
F6;R4;R4-AC-1-B-1;F6-R4AC1;F6-R4-AC-1-B;AC;F6-AC;26;9.22;4.74;5.916922326;1.945147679;0.0765;9.61878545;43;41;0.953488372;0.629178483;0.06829711
F6;R3;R3-AC-1-C-1;F6-R3AC1;F6-R3-AC-1-C;AC;F6-AC;26;8.58;4.69;5.736024413;1.829424307;0.0759;11.68981462;53;36;0.679245283;0.682003485;0.041830087
F6;R9;R9-AC-1-D-1;F6-R9AC1;F6-R9-AC-1-D;AC;F6-AC;26;9.28;4.82;5.996263155;1.925311203;0.0834;10.2962898;38;31;0.815789474;0.641998071;0.096572598
F6;R5;R5-W-2-B-2;F6-R5W2;F6-R5-W-2-B;W;F6-W;27;8.15;4.53;5.509573794;1.799116998;0.0677;12.05380641;28;26;0.928571429;0.639698186;0.055087298
F6;R5;R5-W-2-B-1;F6-R5W2;F6-R5-W-2-B;W;F6-W;27;9.2;4.83;5.98724959;1.904761905;0.0845;10.68993429;53;47;0.886792453;0.70895916;0.036265128
F6;R5;R5-W-3-A-3;F6-R5W3;F6-R5-W-3-A;W;F6-W;26;8.2;4.24;5.282609668;1.933962264;0.0682;11.93518928;36;36;1;0.670170728;0.070244034
F6;R1;R1-AC-3-A-4;F6-R1AC3;F6-R1-AC-3-A;AC;F6-AC;25;8.77;4.41;5.545732585;1.988662132;0.0775;11.22129163;37;31;0.837837838;0.638478313;0.06455353
F6;R10;R10-W-2-B-3;F6-R10W2;F6-R10-W-2-B;W;F6-W;29;8.8;4.76;5.842053447;1.848739496;0.0725;10.39673253;54;48;0.888888889;0.626086432;0.037126942
F6;R1;R1-W-2-B-3;F6-R1W2;F6-R1-W-2-B;W;F6-W;28;10.17;4.79;6.156454299;2.123173278;0.0913;8.706140876;59;57;0.966101695;0.630471571;0.035212349
F6;R8;R8-W-2-B-2;F6-R8W2;F6-R8-W-2-B;W;F6-W;26;7.89;4.37;5.321245457;1.805491991;0.0576;11.23738692;47;46;0.978723404;0.610640771;0.06745597
F6;R9;R9-W-2-A-2;F6-R9W2;F6-R9-W-2-A;W;F6-W;26;8.8;4.82;5.89104377;1.825726141;0.089;12.76288544;39;38;0.974358974;0.662150373;0.05752403
F6;R10;R10-W-2-B-1;F6-R10W2;F6-R10-W-2-B;W;F6-W;29;9.22;4.9;6.04933581;1.881632653;0.0827;10.39834715;59;56;0.949152542;0.688809765;0.051128511
F6;R4;R4-W-3-B-3;F6-R4W3;F6-R4-W-3-B;W;F6-W;27;7.89;4.4;5.345571203;1.793181818;0.0596;11.62757396;52;40;0.769230769;0.679220419;0.064064447
F6;R7;R7-W-3-F-2;F6-R7W3;F6-R7-W-3-F;W;F6-W;27;8.11;4.4;5.394800665;1.843181818;0.0565;10.20022235;35;33;0.942857143;0.665770493;0.057764632
F6;R4;R4-AC-4-C-1;F6-R4AC4;F6-R4-AC-4-C;AC;F6-AC;27;8.45;4.35;5.42764883;1.942528736;0.0616;9.904779071;42;32;0.761904762;0.629325745;0.036248545
F6;R4;R4-AC-4-C-4;F6-R4AC4;F6-R4-AC-4-C;AC;F6-AC;28;8.61;4.44;5.53676848;1.939189189;0.0742;11.31605418;35;31;0.885714286;0.587904976;0.017982821
F6;R10;R10-W-2-B-2;F6-R10W2;F6-R10-W-2-B;W;F6-W;31;9.46;4.88;6.084761967;1.93852459;0.0804;9.402493548;52;45;0.865384615;0.688415992;0.033112677
F6;R1;R1-W-2-B-4;F6-R1W2;F6-R1-W-2-B;W;F6-W;30;10.73;5.24;6.654071022;2.047709924;0.01084;0.88866498;89;52;0.584269663;0.638717959;0.034082198
F6;R2;R2-W-2-B-1;F6-R2W2;F6-R2-W-2-B;W;F6-W;30;10.25;5.46;6.735498084;1.877289377;0.0116;1.081973661;124;106;0.85483871;0.626137072;0.044390862
F6;R2;R2-W-2-B-4;F6-R2W2;F6-R2-W-2-B;W;F6-W;30;10.47;5.07;6.456356956;2.065088757;0.1095;9.61976531;109;99;0.908256881;0.643247939;0.030153154
F6;R5;R5-W-2-B-4;F6-R5W2;F6-R5-W-2-B;W;F6-W;30;10.48;5.53;6.843377776;1.895117541;0.1279;11.20602862;116;96;0.827586207;0.609679342;0.043718199
F6;R7;R7-W-3-F-4;F6-R7W3;F6-R7-W-3-F;W;F6-W;29;8.81;4.93;5.982599298;1.787018256;0.0827;11.82152344;42;40;0.952380952;0.647705177;0.050430586
F6;R10;R10-W-4-D-2;F6-R10W4;F6-R10-W-4-D;W;F6-W;29;8.57;4.69;5.733795099;1.827292111;0.0696;10.75482435;39;32;0.820512821;0.618723819;0.04916473
F6;R10;R10-W-4-D-4;F6-R10W4;F6-R10-W-4-D;W;F6-W;29;9.08;4.68;5.837037967;1.94017094;0.0851;11.171911;41;40;0.975609756;0.644541141;0.039165504
F6;R6;R6-W-1-B-3;F6-R6W1;F6-R6-W-1-B;W;F6-W;28;8.49;4.54;5.593364632;1.870044053;0.0748;11.86811952;31;28;0.903225806;0.579962842;0.069754189
F6;R6;R6-W-4-B-3;F6-R6W4;F6-R6-W-4-B;W;F6-W;28;8.49;4.31;5.402823044;1.969837587;0.0622;9.868944308;42;39;0.928571429;0.58415115;0.050460215
F6;R6;R6-W-4-B-4;F6-R6W4;F6-R6-W-4-B;W;F6-W;28;8.21;4.17;5.22642941;1.96882494;0.0576;10.04557454;64;57;0.890625;0.574784031;0.050825643
F6;R8;R8-W-2-B-3;F6-R8W2;F6-R8-W-2-B;W;F6-W;28;8.82;4.71;5.805462175;1.872611465;0.0775;11.04282761;62;54;0.870967742;0.596223573;0.034288183
F6;R8;R8-W-4-A-1;F6-R8W4;F6-R8-W-4-A;W;F6-W;28;10.15;5.49;6.738091596;1.848816029;0.1131;10.84497027;89;63;0.707865169;0.563293912;0.060401218
F6;R8;R8-W-4-A-2;F6-R8W4;F6-R8-W-4-A;W;F6-W;28;9.02;4.69;5.832446194;1.923240938;0.081;10.83434306;87;63;0.724137931;0.550637877;0.103041782
F6;R1;R1-AC-2-B-1;F6-R1AC2;F6-R1-AC-2-B;AC;F6-AC;29;10.18;5.26;6.555005928;1.935361217;0.1102;10.47931417;61;49;0.803278689;0.64827276;0.048457809
F6;R1;R1-AC-2-B-3;F6-R1AC2;F6-R1-AC-2-B;AC;F6-AC;29;11.45;5.67;7.166776619;2.019400353;0.1338;9.133235184;110;88;0.8;0.637301222;0.051374902
F6;R3;R3-AC-2-C-3;F6-R3AC2;F6-R3-AC-2-C;AC;F6-AC;29;9.37;5.27;6.384402717;1.777988615;0.098;11.77390235;46;44;0.956521739;0.64851596;0.076001835
F6;R7;R7-AC-4-F-3;F6-R7AC4;F6-R7-AC-4-F;AC;F6-AC;28;9.15;4.61;5.793499604;1.984815618;0.077;9.891980234;10;10;1;0.595056631;0.022437713
F6;R8;R8-AC-4-C-3;F6-R8AC4;F6-R8-AC-4-C;AC;F6-AC;29;8.32;4.5;5.52309845;1.848888889;0.0633;10.63300284;32;29;0.90625;0.640573838;0.02598464
F6;R1;R1-AC-3-A-1;F6-R1AC3;F6-R1-AC-3-A;AC;F6-AC;29;9.23;4.97;6.109019239;1.857142857;0.0839;10.51703124;30;30;1;0.711988995;0.064389201
F6;R8;R8-AC-4-C-1;F6-R8AC4;F6-R8-AC-4-C;AC;F6-AC;29;8.83;5.03;6.06781351;1.755467197;0.0859;12.2006784;45;40;0.888888889;0.625232333;0.051687526
F6;R6;R6-W-4-B-2;F6-R6W4;F6-R6-W-4-B;W;F6-W;29;7.94;40.6;23.5662704;0.195566502;0.0516;9.889079876;41;40;0.975609756;0.585992168;0.035191534
F6;R7;R7-W-1-E-4;F6-R7W1;F6-R7-W-1-E;W;F6-W;30;8.96;4.92;6.008223391;1.821138211;0.0782;10.65855096;NA;32;NA;NA;NA
F6;R1;R1-AC-2-B-2;F6-R1AC2;F6-R1-AC-2-B;AC;F6-AC;30;9.49;4.86;6.074533297;1.952674897;0.0896;10.38525801;43;39;0.906976744;0.692753712;0.045757545
F6;R4;R4-W-3-B-2;F6-R4W3;F6-R4-W-3-B;W;F6-W;30;8.8;5.07;6.093023647;1.735700197;0.0875;12.54778063;46;41;0.891304348;0.696442534;0.03606128
F6;R7;R7-AC-4-F-4;F6-R7AC4;F6-R7-AC-4-F;AC;F6-AC;30;9.14;4.88;6.015364474;1.87295082;0.084;10.82457899;51;45;0.882352941;0.647073774;0.053989744
F6;R1;R1-AC-3-A-3;F6-R1AC3;F6-R1-AC-3-A;AC;F6-AC;30;10.66;5.54;6.890629695;1.924187726;0.1274;10.63883592;122;122;1;0.616482964;0.039168804
F6;R3;R3-AC-1-C-4;F6-R3AC1;F6-R3-AC-1-C;AC;F6-AC;32;9.32;5.31;6.405233772;1.755178908;0.1057;12.89205396;77;59;0.766233766;0.655687688;0.033793678
F6;R5;R5-AC-3-B-1;F6-R5AC3;F6-R5-AC-3-B;AC;F6-AC;32;9.91;5.46;6.660185315;1.815018315;0.1292;13.25362895;110;97;0.881818182;0.664095396;0.068726807
F6;R5;R5-W-3-A-2;F6-R5W3;F6-R5-W-3-A;W;F6-W;31;9.66;5.45;6.595636464;1.772477064;0.1182;13.03112708;130;116;0.892307692;0.628885906;0.055944879
F6;R8;R8-W-4-A-3;F6-R8W4;F6-R8-W-4-A;W;F6-W;30;8.44;5.29;6.181367962;1.595463138;0.1018;16.42336249;69;64;0.927536232;0.642750869;0.04911607
F6;R6;R6-W-4-B-1;F6-R6W4;F6-R6-W-4-B;W;F6-W;30;7.9;4.73;5.611984432;1.670190275;0.082;15.94062903;148;148;1;0.604346708;0.060585376
F6;R9;R9-W-2-A-1;F6-R9W2;F6-R9-W-2-A;W;F6-W;31;10.24;5.26;6.567858914;1.946768061;0.0939;8.782531468;85;77;0.905882353;0.638213166;0.023888567
F6;R9;R9-W-2-A-4;F6-R9W2;F6-R9-W-2-A;W;F6-W;31;10.98;5.63;7.03406499;1.95026643;0.1331;10.22538;178;179;1;0.613975117;0.055096806
F6;R10;R10-W-4-D-1;F6-R10W4;F6-R10-W-4-D;W;F6-W;32;9.27;5.09;6.215915466;1.821218075;0.0884;10.94680583;28;26;0.928571429;0.735337182;0.066418346
F6;R4;R4-W-3-B-1;F6-R4W3;F6-R4-W-3-B;W;F6-W;32;8.05;3.97;5.024879266;2.027707809;0.0472;8.701569955;32;28;0.875;0.667567756;0.061432879
F6;R6;R6-W-1-B-4;F6-R6W1;F6-R6-W-1-B;W;F6-W;31;8.4;4.65;5.6631978;1.806451613;0.0637;10.41530148;90;81;0.9;0.598931079;0.071051027
F6;R7;R7-AC-4-F-1;F6-R7AC4;F6-R7-AC-4-F;AC;F6-AC;31;8.81;4.54;5.662773678;1.940528634;0.0699;9.991831786;32;32;1;0.67609623;0.037258504
F6;R4;R4-AC-4-C-3;F6-R4AC4;F6-R4-AC-4-C;AC;F6-AC;32;9.55;4.89;6.112333329;1.952965235;0.0816;9.29138917;66;57;0.863636364;0.654689443;0.046291496
F6;R7;R7-AC-3-A-3;F6-R7AC3;F6-R7-AC-3-A;AC;F6-AC;31;8.25;3.94;5.040598789;2.093908629;0.0409;7.035956943;13;12;0.923076923;0.635079877;0.081894175
F6;R6;R6-AC-4-C-4;F6-R6AC4;F6-R6-AC-4-C;AC;F6-AC;33;10.06;4.91;6.236204117;2.048879837;0.0909;8.937942936;17;14;0.823529412;0.603604788;NA
F6;R9;R9-AC-1-D-3;F6-R9AC1;F6-R9-AC-1-D;AC;F6-AC;33;10.27;5.54;6.805551493;1.853790614;0.1093;10.13891567;57;55;0.964912281;0.684738225;0.063462574
F6;R8;R8-W-4-A-4;F6-R8W4;F6-R8-W-4-A;W;F6-W;32;9.29;5.32;6.406384384;1.746240602;0.1099;13.52674737;23;16;0.695652174;0.641647008;0.043945115
F6;R5;R5-W-2-B-3;F6-R5W2;F6-R5-W-2-B;W;F6-W;35;9.95;6.29;7.32894491;1.581875994;0.1789;18.14467747;98;58;0.591836735;0.706925981;0.136767131
F6;R7;R7-AC-3-A-3;F6-R7AC3;F6-R7-AC-3-A;AC;F6-AC;33;9.46;4.94;6.134535416;1.914979757;0.0916;10.71229364;19;18;0.947368421;0.618678457;0.065811232
F6;R4;R4-W-3-B-4;F6-R4W3;F6-R4-W-3-B;W;F6-W;34;7.27;3.92;4.816174142;1.854591837;0.0472;11.59885075;26;23;0.884615385;0.686323637;0.03160057
F6;R7;R7-W-3-F-1;F6-R7W3;F6-R7-W-3-F;W;F6-W;34;8.48;5.13;6.065643209;1.653021442;0.1088;17.32018761;122;121;0.991803279;0.628778945;0.048317348
F6;R7;R7-W-1-E-2;F6-R7W1;F6-R7-W-1-E;W;F6-W;34;9.02;4.83;5.94794485;1.867494824;0.0793;10.60695561;88;76;0.863636364;0.602214196;0.04733283
F6;R7;R7-W-3-F-3;F6-R7W3;F6-R7-W-3-F;W;F6-W;34;9.43;5.44;6.534863152;1.733455882;0.1124;13.26304789;122;67;0.549180328;0.644439485;0.042500022
F6;R10;R10-AC-5-C-1;F6-R10AC5;F6-R10-AC-5-C;AC;F6-AC;27;8.68;4.55;5.643053567;1.907692308;0.0837;12.47670288;57;53;0.929824561;0.658331459;0.050179365
F6;R4;R4-AC-1-B-2;F6-R4AC1;F6-R4-AC-1-B;AC;F6-AC;36;10.25;5.54;6.801130867;1.850180505;0.1324;12.34942351;50;28;0.56;0.703380241;0.039760151
F6;R2;R2-W-5-A-4;F6-R2W5;F6-R2-W-5-A;W;F6-W;29;8.68;4.52;5.618221598;1.920353982;0.0702;10.46433145;62;61;0.983870968;0.687093751;0.029683758
F6;R3;R3-AC-1-C-3;F6-R3AC1;F6-R3-AC-1-C;AC;F6-AC;37;10.09;6.07;7.190451856;1.662273476;0.1525;14.86951334;121;109;0.900826446;0.723140558;0.052664067
F6;R7;R7-AC-3-A-1;F6-R7AC3;F6-R7-AC-3-A;AC;F6-AC;35;11.75;5.85;7.381022563;2.008547009;0.1634;10.36920041;158;150;0.949367089;0.673636395;0.048208316
F6;R6;R6-AC-4-C-2;F6-R6AC4;F6-R6-AC-4-C;AC;F6-AC;37;8.33;4.62;5.62310661;1.803030303;0.0763;12.77337417;67;42;0.626865672;0.656206719;0.036626914
F6;R10;R10-W-4-D-3;F6-R10W4;F6-R10-W-4-D;W;F6-W;36;11.1;5.83;7.225812634;1.903945111;0.1432;10.66920888;33;32;0.96969697;0.719846682;0.048654582
F6;R7;R7-W-1-E-1;F6-R7W1;F6-R7-W-1-E;W;F6-W;36;10.3;5.46;6.746432353;1.886446886;0.1263;11.61989963;161;159;0.98757764;0.643000197;0.051394371
F6;R5;R5-W-3-A-4;F6-R5W3;F6-R5-W-3-A;W;F6-W;36;9.46;5.35;6.469433208;1.768224299;0.1165;13.62425993;83;64;0.771084337;0.637169168;0.102729025
F6;R10;R10-AC-5-C-2;F6-R10AC5;F6-R10-AC-5-C;AC;F6-AC;29;9.29;5.45;6.51032855;1.704587156;0.1207;14.85603646;53;55;1;0.676165733;0.058454274
F6;R6;R6-AC-4-C-1;F6-R6AC4;F6-R6-AC-4-C;AC;F6-AC;38;10.18;5.35;6.629566236;1.902803738;0.1182;11.24006293;27;17;0.62962963;0.661915946;0.070944386
F6;R2;R2-AC-6-B-3;F6-R2AC6;F6-R2-AC-6-B;AC;F6-AC;32;9.71;5.35;6.5259278;1.814953271;0.114;12.38644341;60;48;0.8;0.663194271;0.065217781
F6;R8;R8-AC-4-C-2;F6-R8AC4;F6-R8-AC-4-C;AC;F6-AC;37;10.65;6.03;7.288890244;1.766169154;0.1614;13.51380464;127;114;0.897637795;0.631443073;0.063576924
F6;R8;R8-AC-4-D-4;F6-R8AC4;F6-R8-AC-4-D;AC;F6-AC;37;10.57;6.06;7.294688399;1.744224422;0.1542;13.18842426;15;0;0;0.831401784;0.054702291
F6;R2;R2-AC-1-B-3;F6-R2AC1;F6-R2-AC-1-B;AC;F6-AC;39;10.84;6.13;7.412819246;1.768352365;0.1697;13.5175899;126;100;0.793650794;0.687484646;0.03465881
F6;R5;R5-AC-3-B-3;F6-R5AC3;F6-R5-AC-3-B;AC;F6-AC;39;10.42;6.13;7.315817943;1.699836868;0.1732;15.42271809;68;58;0.852941176;0.749609145;0.091374377
F6;R8;R8-AC-3-D-1;F6-R8AC3;F6-R8-AC-3-D;AC;F6-AC;38;8.93;5.66;6.589130471;1.577738516;0.1142;15.71321272;50;48;0.96;0.714674299;0.051847232
F6;R6;R6-W-1-B-1;F6-R6W1;F6-R6-W-1-B;W;F6-W;38;11.64;5.51;7.069988803;2.112522686;0.1335;8.699491362;1;0;0;NA;NA
F6;R2;R2-AC-1-B-2;F6-R2AC1;F6-R2-AC-1-B;AC;F6-AC;40;11.54;5.93;7.403522465;1.946037099;0.1471;9.821827262;1;0;0;1.107658203;NA
F6;R2;R2-W-2-B-2;F6-R2W2;F6-R2-W-2-B;W;F6-W;44;12.13;6.31;7.84584709;1.922345483;0.1837;10.65667443;29;0;0;0.765875787;0.070817288
F6;R6;R6-AC-4-C-3;F6-R6AC4;F6-R6-AC-4-C;AC;F6-AC;44;11.24;6.52;7.817847014;1.72392638;0.168;12.08226297;8;5;0.625;0.689495771;0.092214481
F6;R7;R7-AC-3-A-1;F6-R7AC3;F6-R7-AC-3-A;AC;F6-AC;42;11.77;6.23;7.701657219;1.889245586;0.1744;11.01429883;123;0;0;0.721389546;0.033610642
F6;R2;R2-AC-6-B-2;F6-R2AC6;F6-R2-AC-6-B;AC;F6-AC;38;10.29;5.61;6.867210591;1.834224599;0.1303;12.02079135;9;7;0.777777778;0.808082291;0.07625544
F6;R5;R5-AC-6-B-1;F6-R5AC6;F6-R5-AC-6-B;AC;F6-AC;37;10.18;4.99;6.328725946;2.04008016;0.1009;9.594943733;0;0;NA;NA;NA
F6;R2;R2-W-5-A-1;F6-R2W5;F6-R2-W-5-A;W;F6-W;40;12.86;6.55;8.201775097;1.963358779;0.2188;10.7643494;0;0;NA;NA;NA
F6;R5;R5-AC-3-B-2;F6-R5AC3;F6-R5-AC-3-B;AC;F6-AC;47;13.65;7.15;8.869822147;1.909090909;0.2637;10.96569224;4;0;0;0.793929475;0.266397744
F6;R9;R9-AC-1-D-4;F6-R9AC1;F6-R9-AC-1-D;AC;F6-AC;48;11.85;6.51;7.948651249;1.820276498;0.2004;12.41686528;31;13;0.419354839;0.603392909;0.057065562
F6;R6;R6-AC-6-D-1;F6-R6AC6;F6-R6-AC-6-D;AC;F6-AC;41;9.37;4.9;6.081965006;1.912244898;0.082;9.851632575;7;2;0.285714286;0.817623462;0.070920761
F6;R10;R10-AC-3-A-3;F6-R10AC3;F6-R10-AC-3-A;AC;F6-AC;46;12.78;7.15;8.677227404;1.787412587;0.2083;10.4297107;16;0;0;0.79922792;0.0792944
F6;R10;R10-AC-3-A-1;F6-R10AC3;F6-R10-AC-3-A;AC;F6-AC;47;12.94;7.02;8.607350737;1.843304843;0.2332;11.27389243;118;104;0.881355932;0.695652608;0.043268303
F6;R8;R8-AC-3-D-3;F6-R8AC3;F6-R8-AC-3-D;AC;F6-AC;48;12.05;6.54;8.017657768;1.842507645;0.2023;11.95672967;54;1;0.018518519;0.750686352;0.041621145
F6;R3;R3-AC-2-C-2;F6-R3AC2;F6-R3-AC-2-C;AC;F6-AC;48;12.92;7.43;8.934701487;1.738896366;0.2717;13.19256826;217;202;0.930875576;0.642489175;0.042521569
F6;R9;R9-AC-5-D-1;F6-R9AC5;F6-R9-AC-5-D;AC;F6-AC;40;12.42;6.19;7.807301742;2.006462036;0.179;9.714716487;68;59;0.867647059;0.673528389;0.061956886
F6;R1;R1-AC-2-B-4;F6-R1AC2;F6-R1-AC-2-B;AC;F6-AC;48;12.85;6.72;8.340918761;1.912202381;0.2189;10.79291959;106;93;0.877358491;0.713753439;0.022202061
F6;R10;R10-AC-3-A-4;F6-R10AC3;F6-R10-AC-3-A;AC;F6-AC;47;12;6.52;7.990221386;1.840490798;0.2149;12.85124791;3;0;0;0.886573192;0.045894597
F6;R7;R7-AC-3-A-2;F6-R7AC3;F6-R7-AC-3-A;AC;F6-AC;47;11.43;6.48;7.829464886;1.763888889;0.1772;12.15551456;96;74;0.770833333;0.74948626;0.052869107
F6;R2;R2-AC-6-B-1;F6-R2AC6;F6-R2-AC-6-B;AC;F6-AC;43;12.3;6.54;8.072725824;1.880733945;0.19;10.59793342;112;130;1;0.685591695;0.047704438
F6;R2;R2-W-5-A-3;F6-R2W5;F6-R2-W-5-A;W;F6-W;43;12.81;6.25;7.93907165;2.0496;0.1853;9.2169424;27;25;0.925925926;0.744143923;0.094557057
F6;R2;R2-W-5-A-2;F6-R2W5;F6-R2-W-5-A;W;F6-W;44;13.32;6.43;8.196756937;2.071539658;0.219;9.757581801;113;121;1;0.609639947;0.070894415
F6;R5;R5-AC-6-B-2;F6-R5AC6;F6-R5-AC-6-B;AC;F6-AC;42;11.37;6.52;7.847871537;1.743865031;0.2105;14.65573453;35;21;0.6;0.788742198;0.070323774
F6;R10;R10-AC-3-A-2;F6-R10AC3;F6-R10-AC-3-A;AC;F6-AC;49;12.84;7.26;8.779694851;1.768595041;0.2593;12.81295054;4;0;0;0.620430831;0.034672987
F6;R4;R4-AC-1-B-4;F6-R4AC1;F6-R4-AC-1-B;AC;F6-AC;52;13.38;7;8.687284901;1.911428571;0.2614;11.5000398;83;66;0.795180723;0.616361442;0.048960979
F6;R7;R7-AC-4-F-2;F6-R7AC4;F6-R7-AC-4-F;AC;F6-AC;51;13;6.89;8.513874917;1.886792453;0.2529;12.06781311;29;11;0.379310345;0.730096934;0.039362943
F6;R7;R7-W-1-E-3;F6-R7W1;F6-R7-W-1-E;W;F6-W;53;14.83;7.42;9.34651385;1.998652291;0.3119;10.26590708;3;0;0;0.801409637;NA
F6;R9;R9-AC-1-D-2;F6-R9AC1;F6-R9-AC-1-D;AC;F6-AC;54;13.91;7.34;9.08321826;1.895095368;0.307;12.10475124;68;56;0.823529412;0.686754764;0.080761402
F6;R6;R6-AC-6-D-3;F6-R6AC6;F6-R6-AC-6-D;AC;F6-AC;47;11.1;5.64;7.067954237;1.968085106;0.1421;10.58725267;8;1;0.125;0.853296821;0.104836969
F6;R8;R8-AC-4-C-4;F6-R8AC4;F6-R8-AC-4-C;AC;F6-AC;52;13.82;7.45;9.153914735;1.855033557;0.307;12.32837097;72;41;0.569444444;0.688735355;0.077639501
F6;R9;R9-AC-5-D-3;F6-R9AC5;F6-R9-AC-5-D;AC;F6-AC;45;13.09;6.58;8.27555529;1.989361702;0.1913;8.952517255;80;62;0.775;0.740264809;0.093696992
F6;R8;R8-AC-3-D-2;F6-R8AC3;F6-R8-AC-3-D;AC;F6-AC;54;13.39;7.34;8.968591273;1.824250681;0.2725;11.9631426;3;0;0;0.782699666;NA
F6;R3;R3-AC-2-B-1;F6-R3AC2;F6-R3-AC-2-B;AC;F6-AC;55;13.35;7.33;8.95151214;1.821282401;0.2997;13.26873662;182;159;0.873626374;0.595443905;0.036683831
F6;R2;R2-AC-6-B-4;F6-R2AC6;F6-R2-AC-6-B;AC;F6-AC;50;11.21;5.86;7.274451983;1.912969283;0.1522;11.02876353;33;28;0.848484848;0.642086344;0.048652092
F6;R7;R7-AC-3-A-4;F6-R7AC3;F6-R7-AC-3-A;AC;F6-AC;55;13.29;6.91;8.593307616;1.923299566;0.2613;11.71652878;9;0;0;0.800990252;0.117509007
F6;R4;R4-AC-4-C-2;F6-R4AC4;F6-R4-AC-4-C;AC;F6-AC;56;13.51;7.23;8.905206225;1.868603043;0.2659;11.3833543;1;0;0;0.764729268;NA
F6;R5;R5-AC-3-B-4;F6-R5AC3;F6-R5-AC-3-B;AC;F6-AC;59;13.17;7.44;9.000028444;1.77016129;0.2846;13.09190998;158;105;0.664556962;0.737449479;0.048223406
F6;R1;R1-W-7-B-2;F6-R1W7;F6-R1-W-7-B;W;F6-W;31;10.51;5.02;6.421996287;2.093625498;0.0828;7.19632349;67;58;0.865671642;0.609577488;0.037258002
F6;R7;R7-AC-3-A-2;F6-R7AC3;F6-R7-AC-3-A;AC;F6-AC;58;13.36;6.55;8.306722188;2.039694656;0.227;10.02886177;76;0;0;0.786460965;0.061459143
F6;R4;R4-AC-1-B-2;F6-R4AC1;F6-R4-AC-1-B;AC;F6-AC;60;13.19;6.72;8.413843838;1.962797619;0.2374;10.8740266;0;0;NA;NA;NA
F6;R10;R10-AC-5-C-3;F6-R10AC5;F6-R10-AC-5-C;AC;F6-AC;51;14.26;7.73;9.480389293;1.844760673;0.3022;11.10906219;7;0;0;0.949277302;0.093940787
F6;R3;R3-W-10-A-2;F6-R3W10;F6-R3-W-10-A;W;F6-W;32;9.57;4.71;5.965560448;2.031847134;0.0902;10.21021466;26;16;0.615384615;0.681832695;0.054590432
F6;R3;R3-W-7-A-2;F6-R3W7;F6-R3-W-7-A;W;F6-W;31;10.18;5.56;6.801934628;1.830935252;0.1129;10.73606687;95;17;0.178947368;0.684016644;0.045318622
F6;R5;R5-AC-6-B-4;F6-R5AC6;F6-R5-AC-6-B;AC;F6-AC;52;13.36;7.49;9.08357273;1.783711615;0.2936;12.97125029;21;0;0;0.889926716;0.133591585
F6;R3;R3-W-10-A-3;F6-R3W10;F6-R3-W-10-A;W;F6-W;34;9.31;5.27;6.370746199;1.766603416;0.1048;12.82103785;135;72;0.533333333;0.624936843;0.062470828
F6;R2;R2-AC-1-B-1;F6-R2AC1;F6-R2-AC-1-B;AC;F6-AC;63;13.29;8.48;9.850060436;1.567216981;0.4157;18.63972833;2;0;0;1.018741242;0.031741709
F6;R3;R3-W-7-A-1;F6-R3W7;F6-R3-W-7-A;W;F6-W;35;8.71;4.66;5.740239279;1.869098712;0.0721;10.64349027;69;78;1;0.607734703;0.06327552
F6;R3;R3-W-7-A-3;F6-R3W7;F6-R3-W-7-A;W;F6-W;35;10.87;5.16;6.614692338;2.106589147;0.121;9.563526288;113;94;0.831858407;0.576373024;0.040076667
F6;R9;R9-W-9-C-4;F6-R9W9;F6-R9-W-9-C;W;F6-W;34;10.22;5.12;6.446593301;1.99609375;0.1046;9.837396098;91;85;0.934065934;0.619659619;0.039736156
F6;R1;R1-W-7-B-3;F6-R1W7;F6-R1-W-7-B;W;F6-W;37;10.39;5.31;6.641530885;1.956685499;0.1044;9.372267046;66;64;0.96969697;0.632723015;0.09088884
F6;R9;R9-AC-5-D-2;F6-R9AC5;F6-R9-AC-5-D;AC;F6-AC;57;14.59;7.65;9.486937819;1.907189542;0.3367;11.60398592;91;75;0.824175824;0.704878012;0.075474191
F6;R10;R10-AC-5-C-4;F6-R10AC5;F6-R10-AC-5-C;AC;F6-AC;57;14.2;7.42;9.212242995;1.913746631;0.3138;11.67346561;28;5;0.178571429;0.723252405;0.088241366
F6;R3;R3-W-10-A-1;F6-R3W10;F6-R3-W-10-A;W;F6-W;38;10.74;5.59;6.949325152;1.921288014;0.1296;10.59675585;56;0;0;0.700547933;0.117319854
F6;R3;R3-AC-1-C-2;F6-R3AC1;F6-R3-AC-1-C;AC;F6-AC;67;15.63;8.89;10.72969804;1.758155231;0.5089;14.44335656;44;0;0;0.846250998;0.10866754
F6;R3;R3-W-7-A-4;F6-R3W7;F6-R3-W-7-A;W;F6-W;38;10.42;5.75;7.01026555;1.812173913;0.1441;12.83148774;60;0;0;0.634632942;0.057524422
F6;R5;R5-AC-6-B-3;F6-R5AC6;F6-R5-AC-6-B;AC;F6-AC;60;13.84;7.72;9.37828796;1.792746114;0.3242;12.96609611;121;122;1;0.616356009;0.16154915
F6;R9;R9-W-9-C-3;F6-R9W9;F6-R9-W-9-C;W;F6-W;38;10.41;5.15;6.511610216;2.021359223;0.1049;9.366221648;51;23;0.450980392;0.66321221;0.033480905
F6;R1;R1-W-7-B-1;F6-R1W7;F6-R1-W-7-B;W;F6-W;41;11.24;5.65;7.105932356;1.989380531;0.1364;9.809646843;123;0;0;0.570149618;0.090961356
F6;R6;R6-AC-6-D-4;F6-R6AC6;F6-R6-AC-6-D;AC;F6-AC;67;12.24;6.81;8.27990233;1.797356828;0.2293;12.9676254;99;0;0;0.587565972;0.092296334
F6;R1;R1-W-7-B-4;F6-R1W7;F6-R1-W-7-B;W;F6-W;46;11.05;5.82;7.206694006;1.89862543;0.1232;9.296705718;14;0;0;0.668483383;0.135206269
F6;R3;R3-W-10-A-4;F6-R3W10;F6-R3-W-10-A;W;F6-W;47;12.05;6.24;7.770555657;1.931089744;0.1676;9.905822507;37;0;0;0.721077587;0.082494904
F6;R4;R4-W-9-B-1;F6-R4W9;F6-R4-W-9-B;W;F6-W;47;11.61;6.34;7.756579448;1.831230284;0.1765;11.58558186;19;0;0;0.854141339;0.047651828
F6;R4;R4-W-9-B-2;F6-R4W9;F6-R4-W-9-B;W;F6-W;50;12.27;7.01;8.44812244;1.750356633;0.2282;12.81663373;56;46;0.821428571;0.670169164;0.108132833
F6;R7;R7-AC-3-A-4;F6-R7AC3;F6-R7-AC-3-A;AC;F6-AC;77;13.13;6.8;8.467610066;1.930882353;0.2358;10.94050259;163;90;0.552147239;0.624812863;0.097585121
F6;R9;R9-W-9-C-2;F6-R9W9;F6-R9-W-9-C;W;F6-W;50;10.29;5.81;7.029469429;1.771084337;0.1063;9.806677822;52;0;0;0.684998676;0.062019636
F6;R4;R4-W-9-B-3;F6-R4W9;F6-R4-W-9-B;W;F6-W;53;12.44;6.95;8.438462599;1.789928058;0.2308;12.46930741;37;0;0;0.722176942;0.093324346
F6;R2;R2-AC-1-B-4;F6-R2AC1;F6-R2-AC-1-B;AC;F6-AC;82;14.81;7.38;9.308704857;2.006775068;0.3426;11.31936577;7;0;0;0.89958784;0.156173956
F6;R6;R6-AC-6-D-2;F6-R6AC6;F6-R6-AC-6-D;AC;F6-AC;75;14.4;7.94;9.682804551;1.813602015;0.3589;12.8348628;4;0;0;0.670317243;0.187219508
F6;R4;R4-W-9-B-4;F6-R4W9;F6-R4-W-9-B;W;F6-W;54;13.51;7.66;9.254883639;1.763707572;0.2926;12.5263989;6;0;0;0.722214964;0.280365394
F6;R9;R9-W-9-C-1;F6-R9W9;F6-R9-W-9-C;W;F6-W;60;14.98;7.95;9.819333796;1.88427673;0.3164;10.1226253;NA;0;NA;NA;NA
